project,testcount,revealingcount
Csv_1,15,0
Csv_1,15,0
Csv_1,15,0
Csv_1,21,0
Csv_1,20,0
Csv_1,29,0
Csv_1,25,0
Csv_1,25,0
Csv_1,25,0
Csv_1,25,0
Csv_1,26,0
Csv_1,26,0
Csv_1,25,0
Csv_1,25,0
Csv_1,15,0
Csv_1,15,0
Csv_1,13,0
Csv_1,13,0
Csv_1,15,0
Csv_1,15,0
Csv_1,10,0
Csv_1,10,0
Csv_1,10,0
Csv_1,10,0
Csv_1,10,0
Csv_1,10,0
Csv_1,10,0
Csv_1,10,0
Csv_1,10,0
Csv_1,10,0
Csv_1,10,0
Csv_1,10,0
Csv_1,15,0
Csv_1,10,0
Csv_1,10,0
Csv_1,6,0
Csv_1,10,0
Csv_1,10,0
Csv_1,11,0
Csv_1,16,0
Csv_1,10,0
Csv_1,12,0
Csv_1,10,0
Csv_1,10,0
Csv_1,10,0
Csv_1,10,0
Csv_1,11,0
Csv_1,10,0
Csv_1,16,0
Csv_1,10,0
